{
    "answers": {
        "phase": "architecture",
        "action": "architectural decision",
        "scope": "uml component",
        "action experience": "fair",
        "prog lang": "n/a",
        "other prog lang": "<fill in>",
        "tool": "chat gpt 4.x",
        "other tool": "<fill in>",
        "tool option": "full",
        "tool experience": "some",
        "time allocated (h)": "0.15",
        "time saved estimate (h)": "1.5",
        "quality of ai help": "major modifications needed",
        "generic feeling": "needs work",
        "notes": "Used it to understand how i should incorporate the sql stage into my component diagram"
    }
}