{
    "answers": {
        "phase": "design",
        "action": "problem understanding",
        "scope": "database design",
        "action experience": "fair",
        "prog lang": "n/a",
        "other prog lang": "<fill in>",
        "tool": "chat gpt 4.x",
        "other tool": "<fill in>",
        "tool option": "full",
        "tool experience": "some",
        "time allocated (h)": "0.5",
        "time saved estimate (h)": "2",
        "quality of ai help": "major modifications needed",
        "generic feeling": "great in the future",
        "notes": "Used it to understand the differences between primary keys of different dataframes"
    }
}
