{
    "answers": {
        "phase": "coding",
        "action": "requirements (functional)",
        "scope": "backend",
        "action experience": "little",
        "prog lang": "python",
        "other prog lang": "<fill in>",
        "tool": "chat gpt 3.x",
        "other tool": "<fill in>",
        "tool option": "free",
        "tool experience": "master",
        "time allocated (h)": "5",
        "time saved estimate (h)": "8", 
        "quality of ai help": "minor modifications needed",
        "generic feeling": "great in the future",
        "notes": "<fill in>"
    }
}