{
    "answers": {
        "phase": "coding",
        "action": "data design",
        "scope": "database design",
        "action experience": "fair",
        "prog lang": "python",
        "other prog lang": "<fill in>",
        "tool": "chat gpt 3.x",
        "other tool": "<fill in>",
        "tool option": "free",
        "tool experience": "master",
        "time allocated (h)": "3",
        "time saved estimate (h)": "4.5", 
        "quality of ai help": "minor modifications needed",
        "generic feeling": "great as-is",
        "notes": "<fill in>"
    }
}