{
    "answers": {
        "phase": "design",
        "action": "problem understanding",
        "scope": "uml class",
        "action experience": "fair",
        "prog lang": "n/a",
        "other prog lang": "<fill in>",
        "tool": "chat gpt 4.x",
        "other tool": "<fill in>",
        "tool option": "full",
        "tool experience": "some",
        "time allocated (h)": "0.2",
        "time saved estimate (h)": "1",
        "quality of ai help": "major modifications needed",
        "generic feeling": "great in the future",
        "notes": "The conversation clarified the different types of relationships in UML and their representations in class diagrams, making it easier to interpret and design UML diagrams."
    }
}